0.078861,0.0038561,0.006561,0.00042115,0.00056514,0.10548,0.00057357,0.00032348,0.00047061,0.10319,0.00071721,0.013337,0.0011057,8.9918e-005,0.00028302,7.6318e-005,0.0026381,0.001308,0.0010855,0.011775,0.0011684,0.00053277,0.065389,0.0093765,0.00031618,0.015156,0.0073867,0.029551,0.00042543,0.00070575,0.0015999,0.00054479,0.16104,0.00090278,0.0015059,0.00082567,0.10778,0.00026447,0.11495,0.20075,0.00039126,0.0010529,0.00199,0.0032915,0.00031415,0.00045341,0.00037091,0.00085793,0.0035554,0.00043779,0.0013825,0.018234,0.00074317,0.083147,0.013999,0.0016073,0.082734,0.00030055,0.0014196,0.0051325,0.076373,0.0061983,0.11148,0.08452,0.00065573,0.0011802,0.0023701,0.0013628,0.26573,0.1049,0.0083617,0.0059997,9.7674e-005,0.0041527,0.0018557,0.0059324,0.026672,0.0018899,0.0011731,0.0032806,0.00041239,0.00071822,0.00096055,0.0035867,0.00044487,0.0012023,0.0018548,0.0008141,0,0.00050028,0.027461,0.00061785,0.012639,0.024152,0.0037512,0.013782,0.038979,0.0004116,0.00048331,0.0010242,0.0025002,0.2787,0.00085299,8.4186e-005,0.0027613,0.17176,0.043054,0.00031854,0.008813,0.026129,0.00055862,0.052159,0.25391,0.15786,0.0021384,0.058396,0.00070507,0.11988,0.0040787,0.0061116,0.032794,0.00030651,0.0018965,0.0004397,0.086161,0.0028921,0.0014623,0.063659,0.017002,0.00012105,0.1037,0.00063291,0.015821,0.054016,0.0019277,0.0010701,0.00092099,0.0013695,0.17052,0.0048263,0.0089513,0.050979,0.0028703,0.15191,0.0060041,0.0039538,0.0022936,0.00033528,0.0013428,0.0018128,0.00095212,0.031172,0.12454,0.00096887,0.0056818,0.0063951,0.00021479,0.13535,0.76335,3.0797e-005,0.073424,0.065358,0.0095057,0.00023952,0.0064294,0.0010538,0.0031986,0.0013967,0.0003318,0.052405,0.0036432,0.00041194,0.012874,0.0012493,0.00095898,0.22568,0.0021251,0.16878,8.1826e-005,0.0045115,0.0018589,0.0015194,0.00197,0.00040137,0.0006727,0.0060493,0.072358,0.0074811,0.00085557,0.00070001,0.095378,0.00094785,0.00054884,0.0025059,0.00043048,0.46671,0.20784,0.32202,0.0016192,0.0135,0.2915,0.00092627,0.0070073,0.00020973,0.0007044,0.16221,0.0011175,0.00053142,0.0038757,0.0014524,0.087062,0.0084894,0.0042241,0.00098303,0.001127,0.0014079,0.027429,9.0705e-005,0.00065022,0.0037627,0.0014561,0.0038891,0.043199,0.071786,0.12478,0.078183,0.001036,0.0015285,0.064346,0.04532,0.0022453,0.13426,0.00094819,0.0069376,0.11302,0.0027789,0.00034023,0.0080868,0.0013508,0.037257,0.054281,0.00015994,0.018549,0.074729,9.7674e-005,0.00061189,0.00014825,0.0018769,0.22033,0.057142,0.011197,0.00027167,0.0036361,0.062659,0.0024509,0.051136,0.00045544,0.092636,0.025785,0.045983,1,0.0002357,0.026552,0.15367,0.14382,0.18889,0.00099809,0.0022608,0.018056,0.00049759,0.00041643,0.0052731,0.063902,0.00070316,0.0037486,0.0042827,0.00017365,0.09875,0.0003454,0.0023353,0.0013679,0.14689,0.0011607,0.001556,0.0015141,0.00086973,0.016747,0.0020795,0.1217,0.10479,0.16202,0.0010084,0.00082972,0.0086172,0.00068473,0.0015537,0.0049634,0.0007343,0.00097415,0.00056334,0.0058515,0.23277,7.5194e-005,0.13006,0.0010624,0.00057862,0.82644,0.070606,0.10923,0.0036546,0.0012139,0.00015477,0.00067551,0.024086,0.0017201,0.0031834,0.0020727,0.004564,0.00082253,0.00081646,0.003184,0.0033399,0.15009,0.0013147,0.01553,0.02054,0.00027077,0.014243,0.15994,0.00012881,0.00023592,0.059422,0.025937,0.0023033,0.00085051,0.061086,0.00081533,0.00097044,0.0028418,0.012592,0.075434,0.010901,0.10686,0.001751,0.00057964,0.00037417,0.00033112,0.026664,0.00087165,0.031607,0.039662,0.0015084,0.00025481,0.00066944,0.0031202,0.0017767,0.0040758,0.00060863,0.21136,0.0087432,0.00036406,0.00073272,0.0024255,0.011039,0.054682,0.00062156,0.00032775,0.089763,0.42324,0.0011217,0.00049354,0.0068381,0.054984,0.00032258,0.041482,0.00087839,0.0023074,0.0069807,0.025133,0.041271,0.0029567,0.0057752,0.12536,0.0013614,0.064088,0.00010183,0.020164,0.00032809,0.0048945,0.04004,0.048809,0.097903,0.030659,0.13269,0.00027886,0.0020461,0.13758,0.063618,0.0013007,0.17819,0.11139,0.065929,0.001222,0.0016246,0.0010898,0.079174,0.0030713,0.0017134,0.092102,0.015946,0.047825,0.041221,0.00062707,0.090474,0.013682,0.0026852,0.015022,0.00077229,0.0014033,0.00090761,0.24778,0.009834,0.5141,0.11195,0.0073096,0.0002928,0.088041,0.0021547,0.17835,0.041439,0.0018402,0.175,0.00048882,0.00025211,0.035487,0.00035248,0.00053872,0.431,5.2153e-005,0.00054682,0.00032652,0.0070995,0.0027367,0.00051208,0.0014929,0.57469,0.0035063,0.0023991,0.1009,0.016377,0.0012131,0.0019408,0.0034732,0.042359,0.0092047,0.00084917,0.00046184,0.28144,0.0024567,0.0016649,0.00037979,0.00055401,0.00017478,0.00061763,0.00014983,0.001498,0.0057802,0.16104,0.0029455,0.0044476,0.010672,0.092852,0.00062032,0.049635,0.0018532,0.047388,0.091552,0.27411,0.0011421,0.0027824,0.0005249,0.001217,0.0024228,0.0004415,0.00092133,0.0059647,0.0025106,0.00056356,0.0016259,0.00034911,0.0068025,0.00067798,0.11034,0.15631,0.0018287,0.00547
0,0,0,0.8,0,0,0,0.95,0.8,0,0,0,0.4,1,0.95,0.9,0,0,0.3,0,0.25,0,0,0,0.825,0,0.2,0,0.7,0.45,0,0.33,0,0.45,0.22,0.4,0,0,0,0,0.25,0.34,0,0.2,0,0.8,0,0,0,0,0,0,0.6,0,0,0.25,0,0,0,0,0,0,0,0,0.7,0,0,0.3,0,0,0,0.2,0.8,0,0,0.2,0,0,0,0,0.8,0,0,0,0.525,0.3,0,0.45,0.18,0,0,0.2,0,0,0,0,0,0.28,0.33,0,0,0,0.22,0.8,0,0,0,0.35,0,0,0,0,0,0,0.22,0,0,0,0,0.2,0,0.75,0,0,0,0,0,0,0,0.9,0,0,0,0,0,0,0,0.125,0,0,0,0,0,0,0.2,0,0.2,0.8,0.45,0,0,0,0,0.3,0,0,0.55,0,0,0.9,0,0,0,0.75,0.2,0,0,0,0.8,0,0,0.525,0,0.125,0,0,0,0,0.75,0,0.25,0,0,0.28,0,0,0,0,0.3,0,0,0.2,0.33,0,0.25,0,0,0,0,0,0,0.21,0,0,0,0,0,0.21,0,0.125,0,0.2,0,0.125,0.8,0,0,0.6,0,0,0,0,0,0,0,0,0,0,0,0,0.22,0,0.45,0,0,0,0.25,0,0.25,0,0,0.85,0,0,0.9,0,0.175,0,0,0,0,0.55,0,0,0,0,0,0,0,0,0,0,0,0,0,0,0,0,0,0,0.21,0,0,0,0.22,0,0.825,0,0.2,0.22,0,0,0,0,0,0.45,0,0.22,0,0,0,0.4,0,0,0,0.125,0,0,0,0.4,0,0,0.35,0,0,0,0,0,0,0,0,0.95,0,0,0,0,0.22,0,0.6,0,0,0,0,0,0,0,0,0,0,0.95,0,0,0,0.125,0,0,0.8,0.34,0,0,0,0,0,0.2,0.125,0,0.2,0,0,0,0,0,0.4,0,0,0.22,0.22,0,0,0,0.525,0,0,0,0,0,0.8,0,0,0.3,0.35,0,0,0.8,0,0,0,0,0,0,0,0.2,0,0,0,0.9,0,0.25,0,0,0,0,0,0,0,0,0,0,0,0,0,0,0,0,0.25,0,0,0,0,0,0,0,0.4,0,0,0,0,0.33,0,0,0,0,0,0,0.2,0,0,0,0,0,0.125,0,0.21,0.28,0,0.8,0,0,0.55,0,0.34,0,0,0,0,0,0,0,0,0,0,0,0,0,0.2,0,0,0,0.125,0.25,0.8,0.7,0.6,0.4,0.8,0,0,0,0,0,0,0,0,0,0,0,0,0,0,0,0,0.2,0.2,0,0.125,0,0,0,0,0,0.2,0,0,0,0,0
0.64663,0.34604,0.78556,0.10667,0.10814,0.64663,0.14773,0.081378,0.11657,0.64663,0.4923,0.78556,0.21811,0.031525,0.037023,0.027859,0.25367,0.23644,0.16386,0.28152,0.17119,0.4934,0.64663,0.28152,0.057551,0.28152,0.12867,0.34604,0.065249,0.10924,0.29692,0.06305,0.64663,0.10924,0.19795,0.21811,0.64663,0.06305,0.64663,0.64663,0.16129,0.20638,1,0.23827,0.17339,0.038856,0.10814,0.4934,0.78556,0.42045,0.4934,0.78556,0.045088,0.64663,0.28152,0.17119,0.64663,0.17339,0.29692,0.21041,0.64663,0.78556,0.64663,0.64663,0.065249,1,0.37133,0.16386,0.64663,0.64663,0.28152,0.12867,0.056818,0.37133,0.23644,0.12867,0.70088,0.37133,0.4923,0.21041,0.053152,0.1316,0.1316,0.78556,0.17815,0.16386,0.35007,0.10924,0.067815,0.17339,0.70088,0.10521,0.28152,0.70088,0.78556,0.28152,0.64663,0.53446,0.06305,0.20161,0.29692,0.64663,0.19795,0,0.37133,0.64663,0.64663,0.20528,0.34604,0.70088,0.073314,0.64663,0.64663,0.64663,0.19795,0.64663,0.06305,0.64663,0.34604,0.12867,0.70088,0.091276,0.20161,0.10191,0.64663,0.29692,0.37133,0.64663,0.70088,0.057185,0.64663,0.42045,0.70088,0.64663,0.33834,0.45345,0.3794,0.20565,0.64663,0.37133,0.28152,0.64663,0.34604,0.64663,0.12867,0.21041,0.10521,0.16459,0.10924,0.25367,0.073314,0.70088,0.64663,0.16386,0.21041,0.21041,0.1217,0.64663,0.64663,0.092009,0.64663,0.64663,0.28152,0.091276,0.12867,0.073314,0.78556,0.35007,0.10667,0.64663,0.21041,0.17815,0.28152,0.27163,0.3794,0.64663,0.3794,0.64663,0.12977,0.21041,0.17119,0.23644,0.25367,0.53446,0.10191,0.78556,0.64663,0.28152,0.16386,0.089076,0.64663,0.23827,0.06305,0.23644,0.16129,0.64663,0.64663,0.64663,0.92339,0.70088,0.64663,0.18988,0.28152,0.052419,0.92339,0.64663,1,0.18988,0.25367,0.20565,0.64663,0.12867,0.21041,0.27163,0.053152,0.35007,0.70088,0.090543,0.20161,0.25367,0.37133,0.78556,0.64663,0.64663,0.64663,0.64663,0.92339,0.35007,0.64663,0.64663,0.19795,0.64663,0.10924,0.21041,0.64663,0.34604,0.16129,0.28152,0.17119,0.70088,0.64663,0.010264,0.70088,0.64663,0.027493,0.42045,0.033724,0.33834,0.64663,0.64663,0.28152,0.1217,0.78556,0.64663,0.33834,0.64663,0.10814,0.64663,0.70088,0.70088,0.64663,0.2423,0.70088,0.64663,0.64663,0.64663,0.45345,1,0.28152,0.14773,0.18988,0.34604,0.64663,0.073314,0.19795,0.92339,0.057551,0.64663,0.10521,0.19795,0.29692,0.64663,0.42045,0.35007,0.4934,0.10924,0.70088,0.19795,0.64663,0.64663,0.64663,0.21811,0.20161,0.28152,0.10191,0.27163,0.21041,0.92339,0.92339,0.21811,0.21041,0.64663,0.038856,0.64663,0.35007,0.073314,0.64663,0.64663,0.64663,0.21041,0.29692,0.081378,0.1316,0.70088,0.23644,0.37133,0.19795,0.21041,0.045088,0.45345,0.33834,0.25367,0.64663,0.35007,0.28152,0.70088,0.17339,0.70088,0.64663,0.037023,0.2423,0.64663,0.70088,0.27163,0.4934,0.64663,0.16459,0.20638,0.78556,0.70088,0.64663,0.78556,0.64663,0.23827,0.20565,0.17339,0.10521,0.64663,0.45345,0.64663,0.70088,0.37133,0.028959,0.073314,0.25367,0.19795,0.19795,0.073314,0.64663,0.28152,0.17815,0.14773,0.35007,0.28152,0.64663,0.14406,0.11657,0.64663,0.64663,0.16386,0.20528,0.21041,0.64663,0.16459,0.64663,0.1316,0.29692,0.28152,0.70088,0.64663,0.34604,0.12867,0.64663,0.23644,0.64663,0.1206,0.70088,0.16129,0.21041,0.64663,0.64663,0.64663,0.70088,0.64663,0.14406,0.23644,0.64663,0.64663,0.089076,0.64663,0.64663,0.64663,0.089076,1,0.17119,0.64663,0.33834,0.3794,0.64663,0.70088,0.64663,0.64663,0.028959,0.64663,0.70088,0.34604,0.70088,0.06305,0.29692,0.45345,0.64663,0.78556,0.64663,0.64663,0.12867,0.06305,0.64663,0.37133,0.64663,0.64663,0.27163,0.64663,0.18988,0.53446,0.64663,0.038856,0.1316,0.64663,0.065616,0.17339,0.20638,0.28152,0.78556,0.14773,0.1316,0.64663,0.34604,0.23644,0.64663,0.70088,0.4923,0.33834,0.21041,0.64663,0.12867,0.089076,0.42045,0.64663,0.27163,0.17119,0.038856,0.065249,0.090543,0.21811,0.047654,0.29692,0.21041,0.64663,0.33834,0.34604,0.28152,0.64663,0.17339,0.64663,0.29692,0.64663,0.64663,0.64663,0.29692,0.23644,0.10814,0.23827,0.23827,0.4923,0.27163,0.21041,0.37133,0.45345,0.35007,0.17339,0.12867,0.1316,0.64663,0.64663,0.92339,0.34604
0,0,0,0,0,0,0,0,0,0,0,0,1,0,0,0,0,0,0,0,0,0,0,0,0,0,0,0,0,0,0,0,0,0,0,0,0,0,0,0,0,0,0,0,0,0,0,0,0,0,0,0,0,0,0,0,0,0,0,0,0,0,0,0,0,0,1,0,0,0,0,0,0,1,0,0,0,1,1,0,0,0,0,0,0,0,0,0,0,0,0,1,0,0,0,0,1,0,0,0,0,0,0,0,0,0,0,0,0,0,0,0,0,0,0,1,0,0,0,0,0,0,0,0,0,0,0,1,1,0,0,0,1,0,0,0,0,0,0,1,0,0,0,0,0,1,0,0,0,0,0,0,0,0,0,0,0,0,0,0,1,0,0,0,0,0,0,0,0,0,0,0,0,0,0,0,0,0,0,1,0,0,0,0,0,0,0,0,0,0,0,1,0,0,0,0,0,0,0,0,0,0,0,0,0,0,0,0,0,0,0,0,0,0,0,0,0,0,0,0,1,0,1,0,0,0,0,0,0,0,0,0,0,1,0,0,0,0,0,1,0,0,0,0,1,0,0,0,0,0,0,0,0,0,0,0,0,0,0,0,0,0,0,0,0,0,0,0,0,0,0,0,0,0,0,0,0,0,0,0,0,0,0,0,0,0,0,0,0,0,0,0,0,0,0,0,1,0,0,1,0,0,0,0,0,0,0,0,0,0,0,0,0,0,0,0,0,0,0,0,0,0,0,0,0,1,0,1,0,0,0,0,0,0,0,0,0,0,0,1,0,0,0,0,0,0,0,0,0,0,1,0,0,0,0,0,0,0,0,0,0,0,0,0,0,0,0,0,0,0,0,0,0,0,0,0,0,0,0,0,0,0,0,0,0,0,0,0,0,0,0,0,0,0,0,0,0,0,0,0,0,0,0,0,0,0,0,0,0,0,0,0,0,0,0,0,0,0,0,0,0,0,0,0,0,0,0,0,0,0,0,0,0,0,0,0,0,0,0,0,0,0,0,0,0,0,0,0,1,0,1,0,0,0,0,0,0,0,0,0,0,0,0,1,0,0,1,0,0,0,0,1,0,0,0,1,0,0,0,0,0,0,1,1,0,0,0,0,0,0,0,0,0,0,0,0
0.68519,0.32716,0.49177,0.026749,0.21399,0.73045,0.13169,0.063992,0.014403,0.64815,0.33951,0.49177,0.12757,0.053498,0.037037,0.037037,0.22222,0.12963,0.088477,0.31481,0.13992,0.107,0.30247,0.31481,0.061728,0.31481,0.53909,0.32716,0.030864,0.107,0.27778,0.17901,0.47119,0.107,0.09465,0.12757,0.63374,0.15021,0.47119,0.58848,0.084362,0.098765,0.46091,0.16255,0.26749,0.039095,0.21399,0.107,0.49177,0.38683,0.107,0.49177,0.053498,0.43621,0.31481,0.13992,0.60494,0.26749,0.27778,0.24486,0.6749,0.49177,0.73045,0.6749,0.030864,0.46091,0.21399,0.088477,0.58848,0.60494,0.31481,0.53909,0.10288,0.21399,0.12963,0.53909,1,0.21399,0.33951,0.24486,0.057613,0.2572,0.2572,0.49177,0.041152,0.088477,0.33333,0.107,0.31481,0.26749,0.45267,0.11914,0.31481,1,0.49177,0.31481,0.68519,0.16255,0.17901,0.23457,0.27778,0.63374,0.09465,0.076132,0.21399,0.58848,0.79218,0.10885,0.32716,1,0.21193,0.47119,0.64815,0.43621,0.09465,0.79218,0.15021,0.73045,0.32716,0.53909,0.45267,0.088477,0.23457,0.15432,0.63374,0.27778,0.21399,0.50617,0.45267,0.05144,0.50617,0.38683,1,0.6749,0.41152,0.107,0.057613,0.049383,0.73045,0.21399,0.31481,0.79218,0.32716,0.50617,0.39095,0.25103,0.11914,0.053498,0.107,0.22222,0.21193,1,0.68519,0.088477,0.25103,0.25103,0.2037,0.47119,0.63374,0.030864,0.50617,0.6749,0.31481,0.088477,0.39095,0.21193,0.49177,0.33333,0.026749,0.6749,0.25103,0.041152,0.31481,0.28601,0.057613,0.64815,0.057613,0.47119,0.05144,0.25103,0.13992,0.12963,0.22222,0.16255,0.15432,0.49177,0.40947,0.31481,0.088477,0.12346,0.40947,0.16255,0.17901,0.12963,0.084362,0.63374,0.5823,0.43621,0.40329,0.45267,0.60494,0.11111,0.31481,0.27366,0.40329,0.43621,0.46091,0.11111,0.22222,0.049383,0.6749,0.53909,0.24486,0.28601,0.057613,0.33333,1,0.032922,0.23457,0.22222,0.21399,0.49177,0.79218,0.40947,0.5823,0.64815,0.40329,0.33333,0.30247,0.30247,0.09465,0.56379,0.107,0.25103,0.40947,0.32716,0.084362,0.31481,0.13992,1,0.40741,0.05144,1,0.6749,0.032922,0.38683,0.063992,0.41152,0.58848,0.6749,0.31481,0.2037,0.49177,0.6749,0.41152,0.68519,0.21399,0.6749,0.45267,1,0.58848,0.17284,1,0.73045,0.73045,0.64815,0.107,0.46091,0.31481,0.13169,0.11111,0.32716,0.40741,0.21193,0.09465,0.40329,0.061728,0.40947,0.11914,0.09465,0.27778,0.40123,0.38683,0.33333,0.107,0.107,1,0.09465,0.60494,0.6749,0.73045,0.12757,0.23457,0.31481,0.15432,0.28601,0.25103,0.40329,0.40329,0.12757,0.24486,0.56379,0.11728,0.64815,0.33333,0.21193,0.60494,0.73045,0.73045,0.25103,0.27778,0.063992,0.2572,1,0.12963,0.21399,0.09465,0.24486,0.053498,0.107,0.41152,0.22222,0.63374,0.33333,0.31481,0.45267,0.26749,0.45267,0.63374,0.037037,0.17284,0.64815,0.45267,0.28601,0.107,0.6749,0.053498,0.098765,0.49177,1,0.6749,0.49177,0.6749,0.16255,0.049383,0.26749,0.11914,0.40741,0.107,0.30247,1,0.21399,0.090535,0.21193,0.22222,0.09465,0.09465,0.21193,0.43621,0.31481,0.041152,0.13169,0.33333,0.31481,0.47119,0.11728,0.014403,0.64815,0.60494,0.088477,0.10885,0.25103,0.50617,0.053498,0.68519,0.2572,0.27778,0.31481,0.45267,0.79218,0.32716,0.53909,0.73045,0.12963,0.30247,0.018519,0.45267,0.084362,0.24486,0.40123,0.40123,0.63374,1,0.68519,0.11728,0.12963,0.40947,0.73045,0.12346,0.60494,0.63374,0.63374,0.12346,0.46091,0.13992,0.47119,0.41152,0.057613,0.6749,1,0.79218,0.40741,0.090535,0.40947,0.45267,0.32716,0.45267,0.17901,0.27778,0.107,0.73045,0.49177,0.63374,0.73045,0.53909,0.15021,0.55556,0.21399,0.58848,0.6749,0.28601,0.40123,0.11111,0.16255,0.55556,0.039095,0.2572,0.63374,0.0082305,0.26749,0.098765,0.31481,0.49177,0.13169,0.2572,0.43621,0.32716,0.12963,0.79218,0.45267,0.33951,0.41152,0.24486,0.55556,0.53909,0.12346,0.38683,0.63374,0.28601,0.13992,0.039095,0.030864,0.032922,0.12757,0,0.27778,0.25103,0.64815,0.41152,0.32716,0.31481,0.5823,0.26749,0.40947,0.27778,0.79218,0.64815,0.64815,0.27778,0.12963,0.21399,0.16255,0.16255,0.33951,0.28601,0.24486,0.21399,0.107,0.33333,0.26749,0.53909,0.2572,0.58848,0.6749,0.40329,0.32716
0.46848,0.46197,0.53861,0.42652,0.66028,0.39586,0.58804,0.82238,0.48802,0.37842,0.59034,0.52979,0.7101,0.62368,0.65415,0.70665,0.48323,0.48055,0.53593,0.45488,0.5547,0.57252,0.5137,0.3905,0.49837,0.48113,0.72274,0.27055,0.63422,0.60893,0.60663,0.58536,0.51121,0.69304,0.56064,0.55969,0.54474,0.54972,0.50278,0.51006,0.60663,0.65549,0.35505,0.43974,0.44223,0.67944,0.54493,0.49167,0.45622,0.49032,0.59724,0.27936,0.4451,0.39395,0.38494,0.4177,0.50431,0.47864,0.43878,0.73788,0.48285,0.53152,0.51542,0.54723,0.53344,0.46407,0.43035,0.54263,0.54014,0.54014,0.45277,0.69783,0.589,0.35313,0.4064,0.75857,0.49224,0.45967,0.45794,0.79038,0.40276,0.47116,0.54704,0.54991,0.52769,0.6392,0.45354,0.61717,0.57751,0.52788,0.54436,0.78253,0.41234,0.39605,0.55509,0.49454,1,0.51504,0.63001,0.43687,0.54493,0.34259,0.6507,0.8266,0.42575,0.59168,0.51542,0.47327,0.49071,0.31136,0.81816,0.65511,0.27572,0.59322,0.51063,0.49167,0.6871,0.55528,0.57597,0.69841,0.48668,0.66354,0.46082,0.49492,0.41885,0.51121,0.44645,0.5982,0.9224,0.60682,0.50872,0.58095,0.49205,0.60165,0.38475,0.52079,0.54723,0.4453,0.49646,0.34164,0.3631,0.54359,0.47174,0.057865,0.74899,0.64955,0.62292,0.58804,0.57386,0.54896,0.68864,0.25714,0.54608,0.58345,0.72753,0.91512,0.60069,0.39989,0.40659,0.6758,0.662,0.56563,0.46062,0.58134,0.90745,0.57521,0.50067,0.44281,0.5229,0.46273,0.48381,0.57559,0.41004,0.46906,0.47979,0.15463,0.51427,0.33397,0.44587,0.49875,0.46082,0.49971,0.53938,0.55202,0.44204,0.49626,0.54876,0.4315,0.55949,0.73865,0.53401,0.452,0.70416,0.47308,0.58594,0.37747,0.11056,0.30542,0.43974,0.44338,0.33397,0.46024,0.45756,0.5708,0.44242,0.63058,0.46407,0.56524,0.47519,0.38954,0.525,0.38302,0.85821,0.44606,0.45507,0.50105,0.32784,0.58306,0.45449,0.54685,0.47959,0.55432,0.54302,0.49837,0.25771,0.41234,0.44415,0.516,0.67063,0.51121,0.38935,0.39222,0.64955,0.63575,0.62694,0.41081,0.5252,0.41502,0.61334,0.35294,0.44913,0.54072,0.49071,0.52807,0.83579,0.65434,0.67887,0.41119,0.71891,0.52424,0.59647,0.6348,0.43322,0.55087,0.4725,0,0.54723,0.73424,0.52845,0.3654,0.65281,0.69439,0.26154,0.45488,0.43936,0.3288,0.52213,0.29354,0.48573,0.54187,0.48937,0.48898,0.48917,0.49492,0.48802,0.39318,0.77582,0.38398,0.65281,0.55126,0.55815,0.41234,0.61947,0.41579,0.42709,0.69439,0.35313,0.39165,0.61717,0.50278,0.55566,0.63096,0.43859,0.56218,0.53114,0.50029,0.60644,0.4681,0.45986,0.61257,0.98946,0.11056,0.70512,0.28262,0.60433,0.65511,0.45909,0.53267,0.54512,0.89787,0.61698,0.85706,0.63211,0.41157,0.50776,0.35467,0.60491,0.69017,0.57827,0.51964,0.35045,0.52711,0.44568,0.45066,0.45775,0.81261,0.44721,0.51523,0.53305,0.68481,0.548,0.4771,0.44434,0.39663,0.46906,0.59283,0.6873,0.56218,0.40851,0.27802,0.61084,0.42077,0.60682,0.51332,0.44395,0.47442,0.81606,0.44261,0.44319,0.42173,0.49646,0.53918,0.64725,0.80552,0.41138,0.5503,0.90017,0.49665,0.20445,0.46541,0.50738,0.49052,0.48496,0.4315,0.56007,0.44779,0.44357,0.37536,0.50604,0.48553,0.411,0.58574,0.26998,0.63231,0.26863,0.44031,0.49358,0.43552,0.43936,0.34509,0.5183,0.92681,0.58785,0.61487,0.61104,0.74593,0.44376,0.49933,0.5731,0.55106,0.49933,0.55758,0.39011,0.62522,0.47001,0.42633,0.4361,0.50929,0.58709,0.4474,0.43897,0.54493,0.49856,0.36271,0.45334,0.48707,0.45315,0.45986,0.45507,0.56505,0.48879,0.52711,0.56122,0.35754,0.64802,0.42556,0.47998,0.73941,0.49167,0.49416,0.43246,0.39778,0.18356,0.56026,0.62866,0.65856,0.50738,0.5022,0.57176,0.53938,0.4681,0.45315,0.46695,0.50776,0.42115,0.71144,0.52769,0.36252,0.55413,0.46446,0.58038,0.48573,0.43993,0.47021,0.38532,0.42077,0.45085,0.39107,0.50795,0.75263,0.5388,0.4041,0.90151,0.45813,0.72159,0.81606,0.47308,0.46484,0.53957,0.49511,0.71393,0.66679,0.62062,0.6256,0.5114,0.49933,0.58824,0.25273,0.42786,0.54053,0.47634,0.44338,0.4612,0.46791,0.43591,0.42958,0.35045,0.20904,0.50469,0.35217,0.67408,0.57042,0.79134,0.44587,0.46963,0.46369,0.52979,0.51178,0.47135,0.52673,0.98544,0.57195,0.61947,0.50719,0.46465,0.589
0.9516,0.76004,0.97837,0.29042,0.85891,0.93718,0.54789,0.31205,0.29969,1,0.84655,0.97631,0.47477,0.38723,0.1277,0.19567,0.42019,0.38208,0.51493,0.27188,0.66838,0.49537,0.63646,0.85273,0.3656,1,1,0.35942,0.45829,0.28733,0.793,0.56849,0.87642,0.24099,0.10402,0.30072,1,0.57467,0.96601,1,0.31514,0.15242,0.98249,0.40371,0.44696,0.34706,0.7312,0.15963,0.93306,0.76004,0.29042,1,0.16066,0.97837,0.98043,0.65191,0.77446,0.35427,0.96601,0.7621,0.83934,0.98146,0.96498,0.98249,0.17714,0.83007,0.5242,0.050463,0.96087,0.95469,0.93924,0.81256,0.276,0.8826,0.31823,0.89083,1,0.91864,0.93615,0.14521,0.19567,0.45623,0.83625,0.98764,0.43975,0.52935,0.87848,0.39341,0.64161,0.36251,0.95057,0.48198,0.93924,1,0.98867,0.91452,0.82389,0.76622,0.69413,0.60247,0.84964,0.95881,0.040165,0.29969,0.71885,0.931,0.90834,0.21009,0.5139,0.93615,0.52214,0.66632,0.89186,1,0.78579,0.82904,0.52832,0.94645,0.86921,0.91349,0.92791,0.13285,0.28115,0.30175,0.98867,0.90937,0.19979,0.96704,0.93718,0.34192,1,0.68177,0.95881,0.89701,0.72709,0.73738,0.038105,0.30999,1,1,0.34706,0.87642,0.90113,1,0.51184,0.88157,0.30175,0.21112,0.26982,0.50875,0.91967,0.97734,1,0.40474,0.70752,0.72503,0.55098,0.8723,1,0.18435,0.97425,0.89598,0.88877,0.19464,0.66014,0.95469,0.93409,0.72297,0.15345,0.87539,0.6035,0.20597,0.94851,0.82389,0.050463,0.90937,0.033986,0.97219,0.46035,0.9104,0.93203,0.038105,0.52935,0.52214,0.23584,0.97837,0.74047,0.9001,0.16066,0.6138,0.85685,0.6035,0.39341,0.85067,0.69516,0.84964,1,1,0.9691,0.94439,0.88774,0.44078,0.60659,0.58496,0.68795,1,0.98764,0.18744,0.48404,0.34912,0.83213,0.61689,0.86097,0.37178,0.17096,0.71679,0.93821,0.16375,0.6725,0.38311,0.57878,0.98352,0.90731,0.97322,1,0.9691,0.95675,0.83728,0.76313,0.90422,0.75798,1,0.19156,0.77034,0.9413,0.77034,0.30175,0.68589,0.4171,1,0.51802,0.3378,0.97219,0.82492,0.22554,0.90731,0.5829,0.52626,0.97837,0.91555,0.86921,0.25953,0.95263,0.87539,0.79094,0.87539,0.65088,0.99279,0.95984,1,0.91658,0.59938,0.95572,0.87539,0.96498,0.98043,0.43357,0.9794,0.96807,0.46447,0.61895,0.5757,0.79197,0.61071,0.32956,0.95469,0.13182,0.69722,0.35324,0.061792,0.97013,0.55407,0.8898,0.64161,0.56746,0.37075,1,0.6931,0.90525,0.98661,0.931,0.41092,0.39753,0.94233,0.14727,0.95984,0.65499,0.83625,0.92688,0.30896,0.82492,1,0.47786,0.9691,0.8105,0.57158,1,0.96292,0.97116,0.69516,0.70443,0.29866,0.73635,0.98455,0.037075,0.071061,0.15036,0.793,0.33986,0.031926,0.72091,0.26777,0.94542,0.92688,0.81462,0.98146,0.58393,0.92379,1,0.11329,0.7827,0.81977,0.97219,1,0.40577,0.98146,0.25541,0.15963,0.95881,0.87642,0.92379,0.98352,0.93924,0.138,0.19053,0.32544,0.6344,0.40165,0.34706,0.38517,0.8208,0.30278,0.32544,0.82801,0.73532,0.4758,0.056643,0.67868,1,0.81153,0.29248,0.5551,0.95263,1,0.93409,0.50875,0.16684,1,0.78064,0.64058,0.26262,0.80227,1,0.25747,0.91143,0.67765,0.87024,0.55201,0.91555,0.96087,0.82286,0.91246,0.94439,0,0.7415,0.32235,0.78579,0.45108,0.19053,0.74253,0.83522,0.98764,0.94748,0.75798,0.46962,0.31308,0.58496,1,0.5654,0.95263,0.77137,0.95881,0.68692,0.92482,0.45623,0.84655,0.40886,0.15036,0.79712,1,0.80742,0.50463,0.42739,0.95263,0.97322,0.70855,1,0.71061,0.84758,0.44181,0.92173,0.94542,1,1,1,0.44181,0.64367,0.4068,0.99073,0.88054,0.85479,0.70134,0.19053,0.26777,0.46653,0.36457,0.72606,1,0.29866,0.43769,0.3862,0.84037,0.98146,0.4346,0.88157,1,0.82698,0.60865,0.97322,0.90525,0.92173,0.26674,0.77652,0.84243,0.94336,0.35015,0.80227,1,0.9413,0.27085,0.32132,0.07312,0.072091,0.25438,0.29454,0.89701,0.75798,1,0.69722,0.6622,0.88465,0.89289,0.57261,0.94336,0.91658,0.88671,0.98867,1,0.53038,0.9516,0.61998,0.57467,0.5036,0.54686,0.65602,0.67147,0.51081,0.52317,0.8208,0.36663,0.86509,0.31102,0.98764,0.94851,0.88054,0.81977
0.067743,0.1794,0.10892,0.49847,0.20842,0.062524,0.30081,0.36267,0.73569,0.040992,0.20837,0.10379,0.33259,0.65426,0.59321,0.68807,0.38976,0.41749,0.53703,0.30635,0.5543,0.43927,0.20865,0.30234,0.46742,0.27692,0.069562,0.12638,0.60907,0.4865,0.14987,0.20372,0.074709,0.4865,0.56987,0.27376,0.04632,0.44852,0.09465,0.023324,0.38837,0.39665,0.056904,0.30002,0.37295,0.5619,0.17845,0.39765,0.076136,0.10529,0.43927,0.02817,0.87115,0.029562,0.24263,0.55429,0.07329,0.33486,0.088866,0.23114,0.14439,0.089212,0.09715,0.095968,0.60907,0.089139,0.22942,0.53703,0.023324,0.076254,0.29734,0.089339,0.65601,0.23055,0.36107,0.091858,0.026324,0.24983,0.16001,0.20418,0.85988,0.22053,0.13791,0.062096,0.56264,0.47343,0.12126,0.24178,0.26919,0.48455,0.10302,0.37121,0.28219,0.03519,0.089921,0.25891,0.07048,0.226,0.18669,0.20444,0.14413,0.052121,0.70718,0.4109,0.29328,0.019577,0.10602,0.50113,0.13737,0.036372,0.18819,0.1276,0.035354,0.036181,0.62978,0.14486,0.44852,0.078046,0.22484,0.07279,0.10492,0.38841,0.24712,0.43137,0.045811,0.12871,0.25604,0.02065,0.093877,1,0.0035918,0.12267,0.056359,0.13348,0.11551,0.26575,0.37806,0.48815,0.071344,0.24964,0.2425,0.12627,0.15498,0.034645,0.15844,0.1575,0.27016,0.36255,0.31254,0.31015,0.14285,0.019668,0.066316,0.46014,0.27446,0.24631,0.41851,0.074709,0.026897,0.56174,0.0066197,0.15204,0.26213,0.38841,0.11748,0.15616,0.043856,0.12257,0.49847,0.13194,0.22935,0.56264,0.24166,0.46348,0.37806,0.028179,0.37806,0.088303,0.56287,0.17444,0.51729,0.41749,0.31015,0.23063,0.37145,0.049021,0.097368,0.32302,0.46014,0.21511,0.083938,0.25351,0.26301,0.41463,0.38837,0.043447,0.00067289,0.04181,0.07409,0.11787,0.047093,0.51695,0.32534,0.46714,0.10258,0.030544,0.067152,0.51695,0.32658,0.48815,0.15035,0.077918,0.18969,0.39294,0.85988,0.14553,0.055177,0.46284,0.20284,0.32658,0.28276,0.065488,0.12508,0.097878,0.0040555,0.072463,0.079719,0.10247,0.20741,0.17911,0.62063,0.014149,0.4865,0.19482,0.087166,0.25601,0.38837,0.2425,0.62299,0.017459,0.18393,0.73272,0.04441,0.14593,0.43241,0.094377,0.73593,0.11385,0.016977,0.11263,0.28274,0.48519,0.12187,0.10786,0.12445,0.043974,0.17847,0.12031,0.088239,0.025661,0.026088,0.34895,0.030116,0.062833,0.069653,0.026961,0.30671,0.063015,0.23917,0.33188,0.51695,0.26118,0.21972,0.13351,0.62978,0.057068,0.46742,0.08492,0.37419,0.56987,0.11851,0.15405,0.11451,0.14818,0.47197,0.31254,0.04201,0.62063,0.062733,0.10293,0.079382,0.28531,0.25502,0.30235,0.37145,0.43837,0.22935,0.097096,0.087048,0.26806,0.16047,0.0044101,0.53725,0.058232,0.14075,0.15453,0.061196,0.085693,0.085066,0.22935,0.15699,0.36267,0.16237,0.044883,0.41749,0.2235,0.60895,0.18969,0.87115,0.28388,0.15176,0.38976,0.059332,0.11128,0.2601,0.082847,0.40786,0.060814,0.040419,0.59321,0.34895,0.094404,0.11449,0.45033,0.39765,0.11144,0.36255,0.39665,0.059896,0.043701,0.10857,0.11061,0.12426,0.30002,0.48815,0.44153,0.32418,0.23591,0.30671,0.26995,0.056004,0.25604,0.69676,0.14653,0.32658,0.60895,0.70718,0.19551,0.038582,0.28446,0.56264,0.23806,0.12898,0.26966,0.10691,0.62597,0.73569,0.03669,0.066679,0.47343,0.50113,0.19482,0.01845,0.36255,0.056622,0.14297,0.14413,0.30635,0.11752,0.088566,0.19397,0.10538,0.090485,0.41749,0.20024,0.47343,0.11787,0.38837,0.20418,0.16067,0.17311,0.054204,0.036018,0.060414,0.62597,0.36107,0.078928,0.079582,0.21511,0.070926,0.033717,0.049757,0.21511,0.06286,0.52762,0.081128,0.11385,0.37806,0.15,0.057859,0.12544,0.26025,0.69676,0.11823,0.067989,0.26389,0.057077,0.1791,0.090276,0.26924,0.066979,0.077318,0.048066,0.077182,0.080119,0.44852,0.16675,0.25604,0.035427,0.13071,0.49671,0.16175,0.51695,0.23063,0.17612,0.5619,0.19895,0.032735,0.56174,0.33486,0.39665,0.30301,0.049012,0.29985,0.13335,0.02577,0.26088,0.45084,0.090258,0.0765,0.20311,0.15176,0.16047,0.15839,0.086311,0.21511,0.12507,0.041755,0.47439,0.60789,0.5619,0.60907,0.46284,0.33946,0.72377,0.11743,0.27446,0.041819,0.16032,0.2185,0.30224,0,0.33486,0.12828,0.098332,0.07048,0.054422,0.030698,0.14987,0.43105,0.20777,0.25351,0.29433,0.18027,0.4029,0.23114,0.29328,0.35322,0.14711,0.48455,0.061051,0.18211,0.020769,0.099351,0.0785,0.19895
1,0.13043,0.13043,0.13043,0.043478,1,0.086957,0.13043,0,1,0.17391,0.13043,0.13043,0.17391,0.086957,0.17391,0.17391,0.086957,0.21739,0.13043,0.30435,0.13043,1,0.13043,0.043478,0.13043,0.17391,0.13043,0.17391,0.17391,0.17391,0.26087,1,0.17391,0.26087,0.13043,1,0.086957,1,1,0.13043,0.26087,0.13043,0.086957,0.17391,0.043478,0.043478,0.13043,0.13043,0,0.13043,0.13043,0.13043,1,0.13043,0.30435,1,0.17391,0.17391,0.30435,1,0.13043,1,1,0.17391,0.13043,0.13043,0.21739,1,1,0.13043,0.17391,0.13043,0.13043,0.086957,0.17391,0.17391,0.13043,0.17391,0.30435,0.13043,0.17391,0.17391,0.13043,0.21739,0.21739,0.21739,0.17391,0,0.17391,0.17391,0.17391,0.13043,0.17391,0.13043,0.13043,1,0.13043,0.26087,0.17391,0.17391,1,0.26087,0.13043,0.13043,1,1,0,0.13043,0.17391,0.086957,1,1,1,0.26087,1,0.086957,1,0.13043,0.17391,0.17391,0.086957,0.17391,0.13043,1,0.17391,0.13043,1,0.17391,0.17391,1,0,0.17391,1,0.21739,0.17391,0.13043,0.13043,1,0.13043,0.13043,1,0.13043,1,0.17391,0.30435,0.17391,0.13043,0.17391,0.17391,0.086957,0.17391,1,0.21739,0.30435,0.30435,0.17391,1,1,0,1,1,0.13043,0.086957,0.17391,0.086957,0.13043,0.21739,0.13043,1,0.30435,0.21739,0.13043,0.17391,0.13043,1,0.13043,1,0.086957,0.30435,0.30435,0.086957,0.17391,0.13043,0.13043,0.13043,1,0.13043,0.21739,0.043478,1,0.086957,0.26087,0.086957,0.13043,1,1,1,0.043478,0.17391,1,0.13043,0.13043,0,0.043478,1,0.13043,0.13043,0.17391,0.13043,1,0.17391,0.30435,0.17391,0.13043,0.21739,0.17391,0,0.17391,0.17391,0.13043,0.13043,1,1,1,1,0.043478,0.21739,1,1,0.26087,1,0.17391,0.30435,1,0.13043,0.13043,0.13043,0.30435,0.17391,1,0.043478,0.17391,1,0,0,0.086957,0.21739,1,1,0.13043,0.17391,0.13043,1,0.21739,1,0.043478,1,0.17391,0.17391,1,0.043478,0.17391,1,1,1,0.17391,0.13043,0.13043,0.086957,0.13043,0.13043,1,0.086957,0.26087,0.043478,0.043478,1,0.17391,0.26087,0.17391,1,0,0.21739,0.13043,0.17391,0.17391,0.26087,1,1,1,0.13043,0.17391,0.13043,0.13043,0.17391,0.30435,0.043478,0.043478,0.13043,0.30435,1,0,1,0.21739,0.086957,1,1,1,0.30435,0.17391,0.13043,0.17391,0.17391,0.086957,0.13043,0.26087,0.30435,0.13043,0.17391,0.21739,0.17391,1,0.21739,0.13043,0.17391,0.17391,0.17391,1,0.086957,0.043478,1,0.17391,0.17391,0.13043,1,0.13043,0.26087,0.13043,0.17391,1,0.13043,1,0.086957,0.13043,0.17391,0.17391,1,0.17391,1,0.17391,0.13043,0,0.086957,0.17391,0.26087,0.26087,0.086957,1,0.13043,0.21739,0.086957,0.21739,0.13043,1,0.086957,0,1,1,0.21739,0,0.30435,1,0.13043,1,0.17391,0.17391,0.13043,0.17391,1,0.13043,0.17391,1,0.086957,1,0.086957,0.17391,0.13043,0.30435,1,1,1,0.17391,1,0.086957,0.086957,1,1,0.043478,1,1,1,0.043478,0.13043,0.30435,1,0.21739,0.13043,1,0.17391,1,1,0,1,0.17391,0.13043,0.17391,0.26087,0.17391,0.17391,1,0.13043,1,1,0.17391,0.086957,1,0.13043,1,1,0.17391,1,0.13043,0.13043,1,0.043478,0.17391,1,0,0.17391,0.26087,0.13043,0.13043,0.086957,0.17391,1,0.13043,0.086957,1,0.17391,0.17391,0.21739,0.30435,1,0.17391,0.043478,0,1,0.17391,0.30435,0.043478,0.17391,0,0.13043,0,0.17391,0.30435,1,0.21739,0.13043,0.13043,1,0.17391,1,0.17391,1,1,1,0.17391,0.086957,0.043478,0.086957,0.086957,0.17391,0.17391,0.30435,0.13043,0.17391,0.21739,0.17391,0.17391,0.17391,1,1,0.043478,0.13043
0.91412,0.22328,0.4771,0.28626,0.1584,0.91412,0.1145,0.070611,0.24427,0.91412,0.16985,0.4771,0.12786,0.13168,0.41031,0.074427,0.19084,0.087786,0.21565,0.22901,0.18511,0.19466,0.91412,0.22901,0.30725,0.22901,0.14695,0.22328,0.32634,0.40267,0.37595,0.066794,0.91412,0.40267,0.2729,0.12786,0.91412,0.066794,0.91412,0.91412,0.17939,0.27099,1,0.068702,0.070611,0.27099,0.1584,0.19466,0.4771,0.16412,0.19466,0.4771,0.42748,0.91412,0.22901,0.18511,0.91412,0.070611,0.37595,0.22901,0.91412,0.4771,0.91412,0.91412,0.32634,1,0.17176,0.21565,0.91412,0.91412,0.22901,0.14695,0.17748,0.17176,0.087786,0.14695,0.41221,0.17176,0.16985,0.22901,0.28053,0.20802,0.20802,0.4771,0.20229,0.21565,0.46756,0.40267,0.20802,0.070611,0.41221,0.055344,0.22901,0.41221,0.4771,0.22901,0.91412,0.1584,0.066794,0.17557,0.37595,0.91412,0.2729,0.12977,0.17176,0.91412,0.91412,0.22328,0.22328,0.41221,0.01145,0.91412,0.91412,0.91412,0.2729,0.91412,0.066794,0.91412,0.22328,0.14695,0.41221,0.12405,0.17557,0.46374,0.91412,0.37595,0.17176,0.91412,0.41221,0,0.91412,0.16412,0.41221,0.91412,0.38931,0.40267,0.22519,0.30153,0.91412,0.17176,0.22901,0.91412,0.22328,0.91412,0.14695,0.22901,0.055344,0.11069,0.40267,0.19084,0.01145,0.41221,0.91412,0.21565,0.22901,0.22901,0.34924,0.91412,0.91412,0.18702,0.91412,0.91412,0.22901,0.12405,0.14695,0.01145,0.4771,0.46756,0.28626,0.91412,0.22901,0.20229,0.22901,0.23664,0.22519,0.91412,0.22519,0.91412,0.53817,0.22901,0.18511,0.087786,0.19084,0.1584,0.46374,0.4771,0.91412,0.22901,0.21565,0.16985,0.91412,0.068702,0.066794,0.087786,0.17939,0.91412,0.91412,0.91412,0.0019084,0.41221,0.91412,0.10687,0.22901,0.44847,0.0019084,0.91412,1,0.10687,0.19084,0.30153,0.91412,0.14695,0.22901,0.23664,0.28053,0.46756,0.41221,0.14885,0.17557,0.19084,0.17176,0.4771,0.91412,0.91412,0.91412,0.91412,0.0019084,0.46756,0.91412,0.91412,0.2729,0.91412,0.40267,0.22901,0.91412,0.22328,0.17939,0.22901,0.18511,0.41221,0.91412,0.24046,0.41221,0.91412,0.020992,0.16412,0.055344,0.38931,0.91412,0.91412,0.22901,0.34924,0.4771,0.91412,0.38931,0.91412,0.1584,0.91412,0.41221,0.41221,0.91412,0.10496,0.41221,0.91412,0.91412,0.91412,0.40267,1,0.22901,0.1145,0.10687,0.22328,0.91412,0.01145,0.2729,0.0019084,0.30725,0.91412,0.055344,0.2729,0.37595,0.91412,0.16412,0.46756,0.19466,0.40267,0.41221,0.2729,0.91412,0.91412,0.91412,0.12786,0.17557,0.22901,0.46374,0.23664,0.22901,0.0019084,0.0019084,0.12786,0.22901,0.91412,0.18511,0.91412,0.46756,0.01145,0.91412,0.91412,0.91412,0.22901,0.37595,0.070611,0.20802,0.41221,0.087786,0.17176,0.2729,0.22901,0.42748,0.40267,0.38931,0.19084,0.91412,0.46756,0.22901,0.41221,0.070611,0.41221,0.91412,0.41031,0.10496,0.91412,0.41221,0.23664,0.19466,0.91412,0.11069,0.27099,0.4771,0.41221,0.91412,0.4771,0.91412,0.068702,0.30153,0.070611,0.055344,0.91412,0.40267,0.91412,0.41221,0.17176,0.28244,0.01145,0.19084,0.2729,0.2729,0.01145,0.91412,0.22901,0.20229,0.1145,0.46756,0.22901,0.91412,0.31489,0.24427,0.91412,0.91412,0.21565,0.22328,0.22901,0.91412,0.11069,0.91412,0.20802,0.37595,0.22901,0.41221,0.91412,0.22328,0.14695,0.91412,0.087786,0.91412,0.10878,0.41221,0.17939,0.22901,0.91412,0.91412,0.91412,0.41221,0.91412,0.31489,0.087786,0.91412,0.91412,0.16985,0.91412,0.91412,0.91412,0.16985,1,0.18511,0.91412,0.38931,0.22519,0.91412,0.41221,0.91412,0.91412,0.28244,0.91412,0.41221,0.22328,0.41221,0.066794,0.37595,0.40267,0.91412,0.4771,0.91412,0.91412,0.14695,0.066794,0.91412,0.17176,0.91412,0.91412,0.23664,0.91412,0.10687,0.1584,0.91412,0.27099,0.20802,0.91412,0.21565,0.070611,0.27099,0.22901,0.4771,0.1145,0.20802,0.91412,0.22328,0.087786,0.91412,0.41221,0.16985,0.38931,0.22901,0.91412,0.14695,0.16985,0.16412,0.91412,0.23664,0.18511,0.27099,0.32634,0.14885,0.12786,0.10305,0.37595,0.22901,0.91412,0.38931,0.22328,0.22901,0.91412,0.070611,0.91412,0.37595,0.91412,0.91412,0.91412,0.37595,0.087786,0.1584,0.068702,0.068702,0.16985,0.23664,0.22901,0.17176,0.40267,0.46756,0.070611,0.14695,0.20802,0.91412,0.91412,0.0019084,0.22328
0.80851,0.61702,0.91489,0.37234,0.55319,0.80851,0.62766,0.2234,0.40426,0.80851,0.40426,0.91489,0.53191,0.26596,0.46809,0.56383,0.74468,0.56383,0.42553,0.89362,0.75532,0.3617,0.80851,0.89362,0.2234,0.89362,0.042553,0.61702,0.23404,0.2766,0.88298,0.61702,0.80851,0.2766,0.69149,0.53191,0.80851,0.64894,0.80851,0.80851,0.68085,0.37234,0.79787,0.6383,0.80851,0,0.55319,0.3617,0.91489,0.89362,0.3617,0.91489,0.60638,0.80851,0.89362,0.75532,0.80851,0.80851,0.88298,0.51064,0.80851,0.91489,0.80851,0.80851,0.23404,0.79787,0.6383,0.42553,0.80851,0.80851,0.89362,0.042553,0.46809,0.6383,0.56383,0.042553,0.2234,0.6383,0.40426,0.51064,1,0.42553,0.42553,0.91489,0.42553,0.42553,0.55319,0.2766,0.28723,0.80851,0.2234,0.24468,0.89362,0.2234,0.91489,0.89362,0.80851,0.59574,0.61702,0.70213,0.88298,0.80851,0.69149,0.19149,0.6383,0.80851,0.80851,0.45745,0.61702,0.2234,0.55319,0.80851,0.80851,0.80851,0.69149,0.80851,0.64894,0.80851,0.61702,0.042553,0.2234,0.60638,0.70213,0.45745,0.80851,0.88298,0.6383,0.80851,0.2234,0.46809,0.80851,0.89362,0.2234,0.80851,0.70213,0.64894,0.70213,0.67021,0.80851,0.6383,0.89362,0.80851,0.61702,0.80851,0.042553,0.51064,0.24468,0.70213,0.2766,0.74468,0.55319,0.2234,0.80851,0.42553,0.51064,0.51064,0.53191,0.80851,0.80851,0.28723,0.80851,0.80851,0.89362,0.60638,0.042553,0.55319,0.91489,0.55319,0.37234,0.80851,0.51064,0.42553,0.89362,0.2766,0.70213,0.80851,0.70213,0.80851,0.90426,0.51064,0.75532,0.56383,0.74468,0.59574,0.45745,0.91489,0.80851,0.89362,0.42553,0.57447,0.80851,0.6383,0.61702,0.56383,0.68085,0.80851,0.80851,0.80851,0.69149,0.2234,0.80851,0.44681,0.89362,0.35106,0.69149,0.80851,0.79787,0.44681,0.74468,0.67021,0.80851,0.042553,0.51064,0.2766,1,0.55319,0.2234,0.31915,0.70213,0.74468,0.6383,0.91489,0.80851,0.80851,0.80851,0.80851,0.69149,0.55319,0.80851,0.80851,0.69149,0.80851,0.2766,0.51064,0.80851,0.61702,0.68085,0.89362,0.75532,0.2234,0.80851,0.5,0.2234,0.80851,0.10638,0.89362,0.6383,0.70213,0.80851,0.80851,0.89362,0.53191,0.91489,0.80851,0.70213,0.80851,0.55319,0.80851,0.2234,0.2234,0.80851,0.55319,0.2234,0.80851,0.80851,0.80851,0.64894,0.79787,0.89362,0.62766,0.44681,0.61702,0.80851,0.55319,0.69149,0.69149,0.2234,0.80851,0.24468,0.69149,0.88298,0.80851,0.89362,0.55319,0.3617,0.2766,0.2234,0.69149,0.80851,0.80851,0.80851,0.53191,0.70213,0.89362,0.45745,0.2766,0.51064,0.69149,0.69149,0.53191,0.51064,0.80851,0.30851,0.80851,0.55319,0.55319,0.80851,0.80851,0.80851,0.51064,0.88298,0.2234,0.42553,0.2234,0.56383,0.6383,0.69149,0.51064,0.60638,0.64894,0.70213,0.74468,0.80851,0.55319,0.89362,0.2234,0.80851,0.2234,0.80851,0.46809,0.55319,0.80851,0.2234,0.2766,0.3617,0.80851,0.70213,0.37234,0.91489,0.2234,0.80851,0.91489,0.80851,0.6383,0.67021,0.80851,0.24468,0.80851,0.64894,0.80851,0.2234,0.6383,0.75532,0.55319,0.74468,0.69149,0.69149,0.55319,0.80851,0.89362,0.42553,0.62766,0.55319,0.89362,0.80851,0.65957,0.40426,0.80851,0.80851,0.42553,0.45745,0.51064,0.80851,0.70213,0.80851,0.42553,0.88298,0.89362,0.2234,0.80851,0.61702,0.042553,0.80851,0.56383,0.80851,0.35106,0.2234,0.68085,0.51064,0.80851,0.80851,0.80851,0.2234,0.80851,0.65957,0.56383,0.80851,0.80851,0.57447,0.80851,0.80851,0.80851,0.57447,0.79787,0.75532,0.80851,0.70213,0.70213,0.80851,0.2234,0.80851,0.80851,0.75532,0.80851,0.2234,0.61702,0.2234,0.61702,0.88298,0.64894,0.80851,0.91489,0.80851,0.80851,0.042553,0.64894,0.80851,0.6383,0.80851,0.80851,0.2766,0.80851,0.44681,0.59574,0.80851,0,0.42553,0.80851,0.28723,0.80851,0.37234,0.89362,0.91489,0.62766,0.42553,0.80851,0.61702,0.56383,0.80851,0.2234,0.40426,0.70213,0.51064,0.80851,0.042553,0.57447,0.89362,0.80851,0.2766,0.75532,0,0.23404,0.31915,0.53191,0.59574,0.88298,0.51064,0.80851,0.70213,0.61702,0.89362,0.80851,0.80851,0.80851,0.88298,0.80851,0.80851,0.80851,0.88298,0.56383,0.55319,0.6383,0.6383,0.40426,0.2766,0.51064,0.6383,0.64894,0.55319,0.80851,0.042553,0.42553,0.80851,0.80851,0.69149,0.61702
0.80604,0.99834,0.97191,1,1,1,0.9884,0.98961,0.98989,1,0.98961,1,0.98071,0.98991,1,0.99755,1,0.98106,0.9391,0.97466,1,0.98979,1,0.76428,0.99211,0.94914,0.96568,0.88287,0.98477,0.98187,0.9946,0.99107,0.96576,0.98384,0.99844,1,0.94758,0.99299,0.95663,0.99203,1,0.98369,0.86674,0.9792,1,0.89261,0.99155,1,0.95297,1,1,1,0.98848,0.79258,0.94874,0.99549,0.2431,0.99808,0.99281,0.94765,1,0.99438,0.97887,0.76628,0.92773,1,0.98497,0.94405,1,0.1523,0.99352,0.98966,0.98497,0.99581,1,0.97849,0.4352,0.9908,1,0.95111,0.96445,0.99075,0.99647,1,1,0.98575,0.8689,0.99236,1,0.98187,0.83141,0.95,0.90738,0.42602,0.99531,1,0.89321,1,1,0.95123,0.17772,1,0.97274,0.99327,0.98116,0.91457,0.88338,0.91263,1,0.89936,0.98923,0.94397,1,0.087574,0.94765,0.99629,1,0.10777,0.99695,0.97728,0.60477,0.99677,0.99125,0.92856,0.99042,0.9857,1,0.94561,0.97869,0.96863,0.92246,0.98762,0.80866,0.64277,0.99715,0.9414,0.96679,1,0.022694,1,0.7279,0.94367,0.99849,0.33058,0.98336,0.98689,1,1,0.96455,1,0.99299,1,0.80294,0.96692,0.98278,0.97229,1,0.73435,0.96992,0.9945,0.98777,0.99223,0.98898,0.9968,0.96883,1,0.97776,0.85307,1,0.025619,0.94919,0.93651,0.90385,1,0.9849,0.71993,0.95025,0.88043,1,0.99581,0.95254,0.96588,1,0.99523,0.96354,1,0.24618,0.94952,0.9559,1,0.20962,0.98598,0.99188,0.98951,0.9968,0.82995,1,0.53117,0.93295,0.73622,0.32034,0.99662,1,0.9825,0.98046,0.45146,0.98288,1,1,1,0.68559,0.98865,0.97599,0.98386,0.9474,0.99092,0.22268,0.94906,1,1,0.96071,0.99289,0.98598,0.76262,1,0.99377,0.95582,0.97942,0.99592,0.99604,0.93845,0.83658,0.95154,0.98358,0.20427,0.99879,1,0.985,0.99667,1,0.97811,1,0.93923,1,0.99652,1,0.99077,1,1,0.97022,0.95797,0.97748,0.9793,0.25183,1,0.89359,0.9881,0.94697,0.74832,1,1,0.98974,0.98691,0.17305,0.60568,1,0.96553,0.80213,0.62532,1,0.99261,0.99831,0.98936,1,0.98306,0.90516,0.99617,0.0083968,0.98822,0.95,0.99581,1,0.9913,0.98638,1,1,0.86056,0.98041,0.053583,1,0.068511,1,1,0.97741,0.94531,1,0.90746,0.95151,0.95257,1,0.96243,0.93272,0.99455,1,0.9967,1,0.040673,0.80107,0.97241,0.95474,0.99667,0.98399,0.9858,0.65972,0.99385,0.87904,0.99203,0.93741,0.93414,0.99501,1,1,1,0.99508,0.58571,0.98162,0.99473,0.8538,1,0.96823,1,0.9533,0.87702,0.9741,1,0.89508,1,0.96649,0.98792,0.86479,0,0.66176,0.016037,1,0.99826,1,0.97582,0.93401,0.99788,0.98996,0.22112,0.97204,0.98222,0.99662,0.98545,0.94405,1,0.97531,0.071789,0.97441,1,0.99559,1,0.99405,0.99826,0.91858,0.99566,1,0.046649,0.99425,0.99274,1,0.94609,1,0.79608,0.99075,0.99387,0.99677,0.99549,0.95938,0.99115,0.97468,0.27619,0.97103,0.99034,0.97337,0.57313,0.98422,0.95824,0.9911,1,0.98759,0.8864,0.12136,0.97161,1,0.06135,0.99695,0.90186,0.018559,0.85188,1,0.98722,0.99544,1,0.0055474,1,0.94967,0.0080186,0.91782,0.98447,0.97912,1,0.88824,0.9156,1,0.89155,1,0.97678,0.97494,0.98626,1,0.22177,0.97436,0.98747,0.99428,1,0.99175,1,0.98621,0.97431,0.92899,1,0.99856,0.8424,0.98815,0.99672,1,0.9945,1,0.9971,0.95744,0.98775,0.99771,1,0.0057492,0.98437,1,0.95166,0.94334,0.99203,0.9909,0.97012,0.054693,0.99122,0.9915,1,1,0.98896,0.98432,1,0.93615,0.9911,0.9913,0.86056,0.98938,0.97869,0.93953,1,0.99574,0.77175,0.87639,1,0.83456,0.9969,0.8894,1,1,0.9914,1,0.99788,0.99511,0.98454,0.98966,0.99672,0.95323,0.99488,0.97352,0.99397,0.98109,0.98184,0.98502,1,0.25294,0.97004,1
0.38549,0.22737,0.25911,0.23482,0.10403,0.58361,0.13245,0.057395,0.13355,0.60348,0.21965,0.29056,0.11921,0.061258,0.078091,0.084989,0.30519,0.21578,0.26187,0.13383,0.13797,0.15618,0.24862,0.40784,0.15728,0.31209,0.16722,0.30105,0.11976,0.081678,0.2122,0.19868,0.31402,0.031457,0.11507,0.15066,0.51269,0.096026,0.44978,0.55326,0.098234,0.086369,0.61369,0.31098,0.22268,0.18985,0.17853,0.18902,0.4186,0.20281,0.12528,0.90177,0.16722,0.68074,0.53228,0.31512,0.54608,0.18709,0.40673,0.09713,0.35789,0.42025,0.40591,0.4851,0.089404,0.32064,0.39459,0.095475,0.60596,0.61672,0.40204,0.21689,0.11755,0.61396,0.234,0.15259,0.71937,0.42881,0.44674,0.06043,0.17439,0.23124,0.20171,0.37693,0.16198,0.26628,0.38714,0.13659,0.08968,0.109,0.26462,0.03532,0.57588,0.4117,0.29994,0.46882,0.098234,0.24448,0.16004,0.26711,0.24558,0.49779,0.049669,0.034216,0.45061,0.59354,0.34382,0.16832,0.11727,0.73372,0.075055,0.27401,0.83499,0.5378,0.23234,0.26904,0.099338,0.61396,0.20833,0.17577,0.22296,0.0068985,0.23179,0.20309,0.50193,0.38135,0.25221,0.055188,0.043874,0.076435,0.21523,0.21909,0.36948,0.40535,0.36893,0.28256,0.13769,0.19481,0.68212,0.5894,0.27483,0.16722,0.27566,0.32009,0.039459,0.2202,0.086093,0.081954,0.078091,0.15094,0.085265,0.76049,0.36672,0.15563,0.082781,0.020419,0.15039,0.34134,0.58637,0.16887,0.03394,0.2362,0.33389,0.071468,0.15756,0.109,0.61893,0.37638,0.081126,0.47682,0.25248,0.21468,0.45861,0.31843,0.10458,0.79746,0.16032,0.63962,0.36065,0.54443,0.35072,0.11258,0.14183,0.17743,0.22737,0.46164,0.28422,0.36093,0.12776,0.12307,0.43902,0.32892,0.14349,0.47103,0.15149,0.70778,1,0.50635,0.65342,0.35044,0.68736,0.3234,0.18019,0.19095,0.34879,0.49807,0.45088,0.097958,0.16474,0.31347,0.40011,0.24062,0.038631,0.38576,0.10596,0.28449,0.39763,0.073124,0.21937,0.12114,0.35679,0.35486,0.31843,0.61727,0.9117,0.42439,0.43736,0.24062,0.1457,0.3074,0.29719,0.28698,0.092991,0.22627,0.49558,0.26959,0.13769,0.26352,0.2144,0.69233,0.26821,0.11148,0.34134,0.3383,0.039459,0.10789,0.17439,0.28366,0.32312,0.42881,0.28284,0.07947,0.367,0.39983,0.34768,0.14873,0.19536,0.41418,0.25855,0.68129,0.42715,0.063466,0.76711,0.891,0.60872,0.80243,0.19895,0.77125,0.51352,0.21772,0.21247,0.30353,0.36562,0.21302,0.20502,0.70447,0.038079,0.42577,0.078918,0.051325,0.29084,0.35955,0.13107,0.32781,0.38935,0.10099,0.31871,0.46164,0.66391,0.45254,0.45033,0.034492,0.19426,0.30546,0.1548,0.48068,0.17439,0.34603,0.44702,0.049669,0.080022,0.5963,0.10375,0.66087,0.23262,0.091336,0.52125,0.44316,0.49089,0.061258,0.16391,0.031733,0.14321,0.38797,0.15756,0.76766,0.13328,0.12776,0.10375,0.13935,0.5356,0.12196,0.40342,0.39956,0.71689,0.0052428,0.24365,0.10403,0.51297,0.075055,0.20447,0.46992,0.28422,0.77815,0.23924,0.4415,0.050497,0.1915,0.4266,0.2867,0.4335,0.42991,0.46854,0.13411,0.17577,0.17329,0.056015,0.32036,0.20337,0.23979,0.36672,0.21109,0.11479,0.16087,0.27621,0.21496,0.049945,0.31512,0.90066,0.35706,0.14928,0.18515,0.42384,0.50083,0.46772,0.30188,0.20751,0.62997,0.35292,0.29443,0.29525,0.16198,0.042219,0.04415,0.33858,0.21827,0.32312,0.18598,0.27345,0.23344,0.17025,0.11534,0.59437,0.085817,0.16584,0.038079,0.28725,0.15949,0.056015,0.34851,0.40177,0.42467,0.54415,0.57975,0.24283,0.34272,0.38521,0.41004,0.13576,0.62528,0.77925,0.48675,0.26518,0.45061,0.20668,0.59492,0.32726,0.22489,0.4197,0.15618,0.30188,0.24421,0.11727,0.45281,0.078918,0.39211,0.12969,0.13079,0.34106,0.23565,0.56236,0.45833,0.97268,0.47241,0.14266,0.033389,0.31705,0.21358,0.53394,0.35651,0.42412,0.45254,0.18488,0.12362,0.34216,0.13493,0.12583,0.79636,0.17936,0.22103,0.2144,0.23538,0.54056,0.30712,0.35762,0.23124,0.45806,0.39928,0.43791,0,0.242,0.43791,0.066501,0.4255,0.26269,0.050773,0.1697,0.69095,0.51656,0.14156,0.064845,0.083057,0.09106,0.067053,0.30905,0.29249,0.21551,0.79719,0.34134,0.23813,0.42908,0.1973,0.20861,0.54056,0.46716,0.35624,0.52759,0.73262,0.31098,0.80243,0.10955,0.16556,0.13383,0.32506,0.29525,0.27373,0.25497,0.29277,0.23648,0.13852,0.093543,0.099338,0.53836,0.37086,0.36093,0.077539
